jw_entity_id,title,type,release_year,seasons
ts28221,Robotech,show,1985,3
ts199,Black Lagoon,show,2006,3
ts25674,Serial Experiments Lain,show,1998,1
ts20388,Psycho-Pass,show,2012,4
ts27309,Paranoia Agent,show,2004,1
ts28010,High School DxD,show,2012,4
ts12787,Code Geass: Lelouch of the Rebellion,show,2006,3
ts22056,TRIGUN,show,1998,1
ts22113,Initial D,show,1998,6
ts19528,Ergo Proxy,show,2006,1
ts22595,Speed Racer,show,1967,1
ts21983,Death Parade,show,2015,1
ts29930,Panty & Stocking with Garterbelt,show,2010,1
ts20738,Ranma ½,show,1989,7
ts29613,The Tatami Galaxy,show,2010,1
ts34370,Higurashi: When They Cry,show,2006,3
ts25497,Outlaw Star,show,1998,1
ts6055,Claymore,show,2007,1
ts57405,Record of Lodoss War,show,1990,1
ts30077,Durarara!!,show,2010,2
ts27269,The Vision of Escaflowne,show,1996,1
ts21740,Black Butler,show,2008,3
ts29428,Welcome to the N.H.K.,show,2006,1
ts58289,Mobile Suit Zeta Gundam,show,1985,1
ts23030,Space Dandy,show,2014,2
ts25863,Soul Eater,show,2008,1
ts44983,Prison School,show,2015,1
ts21676,Hellsing,show,2001,1
ts41906,The Disastrous Life of Saiki K.,show,2016,3
ts33350,Star Blazers [Space Battleship Yamato] 2199,show,2013,2
ts287384,Sonny Boy,show,2021,1
ts285135,Mieruko-chan,show,2021,1
ts23060,Ping Pong the Animation,show,2014,1
ts286788,LINK CLICK,show,2021,1
ts20686,Terror in Resonance,show,2014,1
ts3805,Afro Samurai,show,2007,1
ts25846,Spice and Wolf,show,2008,2
ts82130,How Not to Summon a Demon Lord,show,2018,2
ts59417,Desert Punk,show,2004,1
ts7449,D.Gray-man,show,2006,2
ts36581,Wolf's Rain,show,2003,1
ts16814,.hack,show,2002,3
ts33423,Gungrave,show,2003,1
ts23055,Knights of Sidonia,show,2014,2
ts18066,Blood-C,show,2011,1
ts32712,Deadman Wonderland,show,2011,1
ts3506,Astro Boy,show,1963,1
ts4325,Freezing,show,2011,2
ts35525,Kamisama Kiss,show,2012,2
ts28832,Slayers,show,1995,5
ts250982,My Senpai Is Annoying,show,2021,1
ts35198,Seraph of the End,show,2015,3
ts27099,Guyver: The Bioboosted Armor,show,2005,1
ts12978,Space Cobra,show,1982,1
ts30288,Mobile Suit Gundam Unicorn,show,2010,2
ts23180,The Sacred Blacksmith,show,2009,1
ts959,Basilisk,show,2005,2
ts33824,Maken-Ki! Battling Venus,show,2011,2
ts10558,Eureka Seven,show,2005,2
ts33615,Silver Spoon,show,2013,2
ts31694,Ikkitousen,show,2003,7
ts31181,Fruits Basket - 2001,show,2001,1
ts39653,Texhnolyze,show,2003,1
ts44040,Barakamon,show,2014,1
ts43986,Kingdom,show,2012,4
ts24021,Haibane Renmei,show,2002,1
ts45699,Trinity Blood,show,2005,1
ts3397,Chobits,show,2002,1
ts43942,Samurai 7,show,2004,1
ts15981,Cat Planet Cuties,show,2010,1
ts36567,SHIMONETA: A Boring World Where the Concept of Dirty Jokes Doesn't Exist,show,2015,1
ts296477,Sasaki and Miyano,show,2022,1
ts30192,Princess Jellyfish,show,2010,1
ts16683,Haganai: I Don't Have Many Friends,show,2011,2
ts26495,Guilty Crown,show,2011,2
ts19257,Bubblegum Crisis Tokyo 2040,show,1998,1
ts26043,ItaKiss,show,2008,1
ts46132,Kimba the White Lion,show,1966,3
ts25996,Magic Knight Rayearth,show,1994,2
ts256764,Heaven Official's Blessing,show,2020,1
ts5679,Beck: Mongolian Chop Squad,show,2004,1
ts33143,Shigurui: Death Frenzy,show,2007,1
ts36080,Charlotte,show,2015,1
ts29465,Witchblade,show,2006,1
ts23733,Heaven's Lost Property,show,2009,2
ts34029,Lucky Star,show,2007,6
ts56235,Tsugumomo,show,2017,2
ts26045,Rin: Daughters of Mnemosyne,show,2008,1
ts216696,No Guns Life,show,2019,2
ts17714,Devil May Cry,show,2007,1
ts9527,Eden of the East,show,2009,1
ts42080,Grimgar of Fantasy and Ash,show,2016,1
ts23387,Witch Hunter Robin,show,2002,1
ts25499,Ah! My Goddess,show,2005,3
ts43388,Gangsta.,show,2015,1
ts41274,Endride,show,2016,1
ts9062,Bokurano,show,2007,1
ts34463,Gunslinger Girl,show,2003,2
ts58259,Lord Marksman and Vanadis,show,2014,1
ts307653,The Heike Story,show,2022,1
ts89553,Astra Lost in Space,show,2019,2
ts56258,Seven Mortal Sins,show,2017,2
ts22452,Baka and Test: Summon the Beasts,show,2010,2
ts28817,Utawarerumono,show,2006,3
ts20421,Aesthetica of a Rogue Hero,show,2012,1
ts87376,Kono Oto Tomare!: Sounds of Life,show,2019,2
ts268573,"Banished From the Hero's Party, I Decided to Live a Quiet Life in the Countryside",show,2021,1
ts32517,Tokyo Majin Gakuen Kenpucho,show,2007,2
ts43282,Valkyrie Drive: Mermaid,show,2015,2
ts39508,Girls Bravo,show,2004,2
ts236536,How a Realist Hero Rebuilt the Kingdom,show,2021,1
ts31640,School Rumble,show,2004,2
ts3462,Air Gear,show,2006,2
ts250910,The Dungeon of Black Company,show,2021,1
ts88721,Special,show,2019,2
ts217604,Kemono Michi: Rise Up,show,2019,1
ts34258,Is This a Zombie?,show,2011,2
ts42254,Servamp,show,2016,1
ts7046,Yamada's First Time: B Gata H Kei,show,2010,1
ts13543,Excel Saga,show,1999,1
ts286385,Love Live! Superstar!!,show,2021,2
ts269935,Taisho Otome Fairy Tale,show,2021,1
ts35356,The Heroic Legend of Arslan,show,2015,2
ts29475,xxxHOLiC,show,2006,2
ts34545,Stigma of the Wind,show,2007,1
ts35515,OniAi,show,2012,1
ts16839,Casshern Sins,show,2008,1
ts12414,Code:Breaker,show,2012,1
ts31637,Last Exile,show,2003,2
ts52883,D-Frag!,show,2014,1
ts236268,Talentless Nana,show,2020,1
ts23127,Mekakucity Actors,show,2014,1
ts5374,Aria the Scarlet Ammo,show,2011,1
ts235826,Idoly Pride,show,2021,1
ts53982,Unbreakable Machine-Doll,show,2013,1
ts31227,Noir,show,2001,3
ts272266,The Genius Prince's Guide to Raising a Nation Out of Debt,show,2022,1
ts26244,Peach Girl,show,2005,1
ts23048,Soul Eater Not!,show,2014,1
ts44388,Karneval,show,2013,1
ts222964,Arte,show,2020,1
ts6804,Ai Yori Aoshi,show,2002,2
ts221931,Appare-Ranman!,show,2020,1
ts21896,Maria the Virgin Witch,show,2015,1
ts32172,Love Live! School Idol Project,show,2013,2
ts29087,The Wallflower,show,2006,1
ts78482,コードギアス 亡国のアキト,show,2012,1
ts35071,Gosick,show,2011,1
ts285054,Irina: The Vampire Cosmonaut,show,2021,1
ts28505,Ghost Hunt,show,2006,1
ts38413,Shomin Sample,show,2015,1
ts27027,Jormungand,show,2012,2
ts20273,Gonna be the Twin-Tail!!,show,2014,1
ts282865,RE-MAIN,show,2021,1
ts44786,Ground Control to Psychoelectric Girl,show,2011,1
ts283070,Sabikui Bisco,show,2022,1
ts89574,"Hensuki: Are You Willing to Fall in Love With a Pervert, As Long As She's a Cutie?",show,2019,1
ts23519,Hetalia,show,2009,6
ts39096,Inari Kon Kon,show,2014,1
ts219055,Stars Align,show,2019,1
ts26826,Shakugan no Shana,show,2005,3
ts29717,Omamori Himari,show,2010,1
ts38713,Shonen Maid,show,2016,1
ts218891,ID: INVADED,show,2020,1
ts28685,VanDread,show,2000,2
ts29669,The Legend of the Legendary Heroes (Duplicate),show,2010,1
ts89578,BEM,show,2019,1
ts55399,Yurikuma Arashi,show,2015,1
ts46822,Shuffle!,show,2005,1
ts1978,Corpse Princess,show,2008,2
ts33074,Ben-To,show,2011,1
ts218889,Deca-Dence,show,2020,1
ts44295,Tokyo Ravens,show,2013,1
ts270076,Slow Loop,show,2022,1
ts453,Black Blood Brothers,show,2006,1
ts21908,Yatterman Night,show,2015,1
ts20096,Ghost in the Shell: Arise - Alternative Architecture,show,2015,1
ts90587,Pani Poni Dash!,show,2005,1
ts22555,Tenchi Universe,show,1995,3
ts78285,Ai Tenchi Muyo!,show,2014,1
ts57400,Okami-san and Her Seven Companions,show,2010,1
ts217635,Girls' Frontline,show,2019,3
ts22396,No-Rin,show,2014,1
ts41223,Senran Kagura: Ninja Flash,show,2013,2
ts38727,High School Fleet,show,2016,1
ts38801,Handa-kun,show,2016,1
ts223460,Lapis Re:LiGHTs,show,2020,1
ts296853,Deep Insanity: The Lost Child,show,2021,1
ts20761,Dragonar Academy,show,2014,1
ts17840,Chaos;Head,show,2008,1
ts34326,My Bride is a Mermaid,show,2007,1
ts15001,Chrome Shelled Regios,show,2009,1
ts21220,Phantom: Requiem for the Phantom,show,2009,1
ts35526,Kanon,show,2006,1
ts34166,Scrapped Princess,show,2003,1
ts224952,Ikebukuro West Gate Park,show,2020,1
ts30076,Dance in the Vampire Bund,show,2010,1
ts33285,Romeo × Juliet,show,2007,1
ts31699,My-Hime,show,2004,1
ts58333,Tenchi Muyo! War on Geminar,show,2009,1
ts58416,The Disappearance of Nagato Yuki-chan,show,2015,1
ts35517,Sankarea: Undying Love,show,2012,1
ts20204,JINSEI - Life Consulting,show,2014,5
ts43106,[C] The Money of Soul and Possibility Control,show,2011,4
ts17417,dot hack roots,show,2006,1
ts224719,"Shachibato! President, It's Time for Battle!",show,2020,1
ts26653,Noein: To Your Other Self,show,2005,1
ts42697,Divine Gate,show,2016,1
ts26485,Good Luck Girl!,show,2012,1
ts326917,She Professed Herself Pupil of the Wise Man,show,2022,1
ts20032,Rage of Bahamut,show,2014,3
ts285708,Visual Prison,show,2021,1
ts89563,Cop Craft,show,2019,1
ts56245,Sakura Quest,show,2017,1
ts89565,The Ones Within,show,2019,2
ts265466,The Vampire Dies in No Time,show,2021,1
ts35050,The Mystic Archives of Dantalian,show,2011,1
ts27315,Speed Grapher,show,2005,1
ts32170,Dog & Scissors,show,2013,1
ts27220,Gun x Sword,show,2005,1
ts224886,Listeners,show,2020,1
ts545,Black Cat,show,2005,2
ts219536,Phantasy Star Online 2: Episode Oracle,show,2019,1
ts18476,Battle Athletes,show,1997,2
ts19058,Burst Angel,show,2004,1
ts88969,Case File N° 221: Kabukicho,show,2019,1
ts5624,Riddle Story of Devil,show,2014,1
ts55906,Bikini Warriors,show,2015,1
ts315176,Tribe Nine,show,2022,1
ts34625,Sekai Ichi Hatsukoi: The World's Greatest First Love,show,2011,2
ts31728,Kaleido Star,show,2003,3
ts268385,Pretty Boy Detective Club,show,2021,1
ts6619,Chrono Crusade,show,2003,1
ts216573,After School Dice Club,show,2019,1
ts237088,King's Raid: Successors of the Will,show,2020,1
ts34363,Valvrave the Liberator,show,2013,2
ts74759,エウレカセブンAO,show,2012,1
ts35093,Coppelion,show,2013,1
ts38064,Pumpkin Scissors,show,2006,1
ts20199,Laughing Under the Clouds,show,2014,1
ts221063,Shironeko Project: Zero Chronicle,show,2020,1
ts34359,Vividred Operation,show,2013,1
ts40784,My-Otome,show,2005,3
ts221118,Smile Down the Runway,show,2020,1
ts34286,Samurai Flamenco,show,2013,1
ts13706,Crest of the Stars,show,1999,4
ts43210,Castle Town Dandelion,show,2015,1
ts27999,Robotics;Notes,show,2012,1
ts37834,Heavy Object,show,2015,1
ts302754,Police in a Pod,show,2022,1
ts88364,Fairy Gone,show,2019,2
ts56465,Monster Hunter Stories: Ride On,show,2016,1
ts58427,Pandora in the Crimson Shell: Ghost Urn,show,2016,1
ts20203,Tokyo ESP,show,2014,1
ts34904,Appleseed XIII,show,2011,1
ts36857,Hyperdimension Neptunia,show,2013,1
ts221303,Stand My Heroes: Piece of Truth,show,2019,1
ts223234,HYPNOSISMIC -Division Rap Battle- Rhyme Anima,show,2020,1
ts43025,Haruchika – Haruta & Chika,show,2016,1
ts35199,Ultimate Otaku Teacher,show,2015,1
ts269383,Selection Project,show,2021,1
ts243383,Super Cub,show,2021,1
ts221705,Africa Salaryman,show,2019,1
ts27249,Nabari no Ou,show,2008,1
ts23172,Sengoku Basara,show,2009,3
ts35661,Kiddy Grade,show,2002,2
ts29066,Red Garden,show,2006,1
ts43068,Prince of Stride: Alternative,show,2016,1
ts7222,Dragonaut: The Resonance,show,2007,1
ts285899,Tesla Note,show,2021,1
ts88988,RobiHachi,show,2019,1
ts20719,Buddy Complex,show,2013,2
ts223631,A3!,show,2020,2
ts55694,World Conquest Zvezda Plot,show,2014,1
ts42369,First Love Monster,show,2016,1
ts36797,Classroom Crisis,show,2015,1
ts55799,The Rolling Girls,show,2015,1
ts78924,In Search of the Lost Future,show,2014,1
ts57709,Koyomimonogatari,show,2016,1
ts223089,Dropout Idol Fruit Tart,show,2020,1
ts34699,Minami-ke,show,2007,4
ts43840,A Good Librarian Like a Good Shepherd,show,2014,1
ts256293,Kageki Shojo!!,show,2021,1
ts33210,Rental Magica,show,2007,1
ts66566,BlazBlue Alter Memory,show,2013,1
ts32727,Heroic Age,show,2007,1
ts35462,Ninja Slayer From Animation,show,2015,1
ts24641,Heat Guy J,show,2002,1
ts75767,Infini-T Force,show,2017,1
ts25826,Ga-Rei-Zero,show,2008,1
ts36429,Gravion,show,2002,2
ts15334,Brothers Conflict,show,2013,1
ts88979,Afterlost,show,2019,1
ts2991,The Betrayal Knows My Name,show,2010,1
ts222347,Diary of Our Days at the Breakwater,show,2020,1
ts153776,Shounen Hollywood,show,2014,2
ts34538,"We, Without Wings - Under the innocent sky",show,2011,1
ts31713,MoonPhase,show,2004,1
ts89576,Gorgeous Butterfly: Young Nobunaga,show,2019,1
ts221038,Gal & Dino,show,2020,1
ts78358,Wanna Be the Strongest in the World,show,2013,1
ts221956,Sakura Wars: The Animation,show,2020,1
ts43142,Concrete Revolutio,show,2015,2
ts38179,Prétear,show,2001,1
ts269382,PuraOre! ~Pride of Orange~,show,2021,1
ts286294,Rumble Garanndoll,show,2021,1
ts15787,Bamboo Blade,show,2007,1
ts32464,Level E,show,2011,1
ts41348,Dimension W,show,2016,1
ts32397,PUCHIM@S,show,2013,1
ts222779,Hatena Illusion,show,2020,1
ts33671,Ragnarok The Animation,show,2004,1
ts52906,Trickster,show,2016,1
ts42986,Luck & Logic,show,2016,1
ts281859,Blue Reflection Ray,show,2021,1
ts216572,"If My Favorite Pop Idol Made It to the Budokan, I Would Die",show,2020,1
ts419,Coyote Ragtime Show,show,2006,1
ts27319,Aquarion,show,2005,3
ts53298,Akiba's Trip The Animation,show,2017,1
ts221701,Futsal Boys!!!!!,show,2022,1
ts58293,18if,show,2017,1
ts5200,Fractale,show,2011,1
ts222602,Maesetsu! Opening Act,show,2020,1
ts225793,Warlords of Sigrdrifa,show,2020,1
ts56844,Rainbow Days,show,2016,1
ts285762,Muteking the Dancing Hero,show,2021,1
ts1340,El Cazador de la Bruja,show,2007,1
ts221846,"Wave, Listen to Me!",show,2020,1
ts54057,Rampo Kitan: Game of Laplace,show,2015,1
ts252132,The Gymnastics Samurai,show,2020,1
ts219482,Ensemble Stars,show,2019,1
ts57624,Dance with Devils,show,2015,1
ts20722,Selector Infected WIXOSS,show,2014,2
ts221324,TAMAYOMI: The Baseball Girls,show,2020,1
ts60947,Project Blue Earth SOS,show,2006,1
ts223009,Show by Rock!! Mashumairesh!!,show,2020,2
ts21388,Daimidaler the Sound Robot,show,2014,1
ts28869,Disgaea,show,2006,1
ts23646,Kiddy GiRL-AND,show,2009,1
ts43804,Show by Rock!!,show,2015,3
ts40323,Suzuka,show,2005,1
ts81227,"Last Exile: Fam, The Silver Wing",show,2011,1
ts33635,Hero Tales,show,2007,1
ts82439,Seiyu's Life!,show,2015,1
ts31208,Galaxy Angel,show,2001,4
ts38733,"Three Leaves, Three Colors",show,2016,1
ts23468,Rideback,show,2009,1
ts23174,Shangri-La,show,2009,1
ts27127,Tales of the Abyss,show,2008,1
ts217743,number24,show,2020,1
ts312792,Drowning Sorrows in Raging Fire,show,2021,1
ts35977,Chaos Dragon: Sekiryuu Sen'eki,show,2015,1
ts27295,Solty Rei,show,2005,1
ts313634,Ancient Girl's Frame,show,2021,1
ts223153,Skate-Leading Stars,show,2021,1
ts56721,Zaion: I Wish You Were Here,show,2001,1
ts36959,Rumbling Hearts,show,2003,2
ts57522,God Mazinger,show,1984,1
ts34203,Shattered Angels,show,2007,1
ts58594,Aquarion Evol,show,2012,1
ts38737,Girl Meets Bear,show,2016,1
ts297028,Can Ci Pin: Fangzhu Xingkong,show,2021,1
ts66576,Venus Versus Virus,show,2007,1
ts241097,LBX Girls,show,2021,1
ts28899,Save Me! Lollipop,show,2006,1
ts254620,Gekidol,show,2021,1
ts41925,Regalia: The Three Sacred Stars,show,2016,1
ts178443,Blessing of the Campanella,show,2010,1
ts316995,Sureiyâzu Revolution,show,2008,1
ts41551,Time Travel Girl,show,2016,1
ts39908,Kurau Phantom Memory,show,2004,1
ts302594,Fantasia Sango – Realm of Legends,show,2022,1
ts28816,Jyu-Oh-Sei,show,2006,1
ts34732,Jinki: Extend,show,2005,1
ts68885,Moeyo Ken TV,show,2005,1
ts82141,Puzzle & Dragons X,show,2016,1
ts70585,Sasami: Magical Girls Club,show,2006,2
ts218758,Aquarion Logos,show,2015,1
ts56431,Second Generation,show,2003,1
ts221939,Assault Lily: BOUQUET,show,2020,1
ts34102,Red Data Girl,show,2013,1
ts84654,Rinshi!! Ekoda-chan,show,2019,1
ts231804,Actors: Songs Connection,show,2019,1
ts31826,Gad Guard,show,2003,2
ts28946,Strain: Strategic Armored Infantry,show,2006,1
ts28515,Glass Fleet,show,2006,1
ts26212,Sands of Destruction,show,2008,1
ts236832,Magatsu Wahrheit: Zuerst,show,2020,1
ts252020,Scared Rider Xechs,show,2016,1
ts78923,Venus Project: Climax,show,2015,1
ts42597,Magikano,show,2006,1
ts33278,Oh! Edo Rocket,show,2007,1
ts27040,Gunslinger Girl -Il Teatrino-,show,2008,1
ts33418,Good Luck! Ninomiya-kun,show,2007,1
ts37842,Garo: Crimson Moon,show,2015,1
ts17398,dot hack Legend of the Twilight,show,2003,1
ts42373,Cheer Boys!!,show,2016,1
ts3443,Angel Links,show,1999,1
ts35260,Mikagura School Suite,show,2015,1
tm44887,Akira,movie,1988,0
tm842683,Demon Slayer -Kimetsu no Yaiba- The Movie: Mugen Train,movie,2020,0
tm139269,Little Nemo: Adventures in Slumberland,movie,1989,0
tm145027,Dragon Ball Z: Dead Zone,movie,1989,0
tm77116,Sword of the Stranger,movie,2007,0
tm89868,Ghost in the Shell 2: Innocence,movie,2004,0
tm12938,Dragon Ball Z: Wrath of the Dragon,movie,1995,0
tm149696,Rurouni Kenshin Part II: Kyoto Inferno,movie,2014,0
tm141589,The Last: Naruto the Movie,movie,2014,0
tm124963,Dragon Ball Z: Super Android 13!,movie,1992,0
tm150149,Dragon Ball Z: The Tree of Might,movie,1990,0
tm124513,Dragon Ball Z: The Return of Cooler,movie,1992,0
tm114898,Dragon Ball: Curse of the Blood Rubies,movie,1986,0
tm149744,Rurouni Kenshin Part III: The Legend Ends,movie,2014,0
tm102396,Trigun: Badlands Rumble,movie,2011,0
tm150162,Dragon Ball Z: The World's Strongest,movie,1990,0
tm185557,Sailor Moon R: The Movie,movie,1993,0
tm10960,Dragon Ball Z: Lord Slug,movie,1991,0
tm29738,Road to Ninja: Naruto the Movie,movie,2012,0
tm167944,Berserk: The Golden Age Arc III - The Advent,movie,2013,0
tm38064,Berserk: The Golden Age Arc II - The Battle for Doldrey,movie,2012,0
tm228824,Ghost in the Shell: The New Movie,movie,2015,0
tm105152,Dragon Ball: The Path to Power,movie,1996,0
tm211646,Attack on Titan II: End of the World,movie,2015,0
tm36614,Mass Effect: Paragon Lost,movie,2012,0
tm135772,Mulan: Rise of a Warrior,movie,2009,0
tm842641,The Stranger by the Shore,movie,2020,0
tm80339,Naruto: Ninja Clash in the Land of Snow,movie,2004,0
tm282915,Fate/Grand Order: First Order,movie,2016,0
tm182601,Steins;Gate: The Movie - Load Region of Déjà Vu,movie,2013,0
tm23135,Escaflowne: The Movie,movie,2000,0
tm437223,Mobile Suit Gundam Narrative,movie,2018,0
tm898567,Attack on Titan: Chronicle,movie,2020,0
tm49446,Revolutionary Girl Utena: The Adolescence of Utena,movie,1999,0
tm145906,Afro Samurai: Resurrection,movie,2009,0
tm174392,Bayonetta: Bloody Fate,movie,2013,0
tm160833,Shinobi: Heart Under Blade,movie,2005,0
tm142818,Vampire Island,movie,2009,0
tm37182,Initial D: Third Stage,movie,2001,0
tm25002,Dragon Ball: Sleeping Princess in Devil's Castle,movie,1987,0
tm177044,Naruto Shippuden the Movie: Blood Prison,movie,2011,0
tm299419,Tokyo Ghoul - movie,movie,2017,0
tm51669,Dragon Ball: Mystical Adventure,movie,1988,0
tm103346,The Legend Is Born: Ip Man,movie,2010,0
tm177704,"Hetalia: Axis Powers: Paint It, White!",movie,2010,0
tm109105,Armitage: Dual Matrix,movie,2002,0
tm105734,Armitage III: Poly Matrix,movie,1996,0
tm96037,Naruto Shippuden the Movie: The Lost Tower,movie,2010,0
tm43987,Fairy Tail: Phoenix Priestess,movie,2012,0
tm146342,King of Thorn,movie,2009,0
tm94487,City Under Siege,movie,2010,0
tm351295,Overlord: The Dark Hero,movie,2017,0
tm311650,Fairy Tail: Dragon Cry,movie,2017,0
tm202885,Street Fighter: Assassin's Fist,movie,2014,0
tm58432,Dragon Age: Dawn of the Seeker,movie,2012,0
tm351281,Overlord: The Undead King,movie,2017,0
tm238707,Accel World: Infinite Burst,movie,2016,0
tm317945,Mazinger Z: Infinity,movie,2017,0
tm134487,Psycho-Pass: The Movie,movie,2015,0
tm147494,Naruto Shippuden the Movie: The Will of Fire,movie,2009,0
tm49405,Inuyasha the Movie: Affections Touching Across Time,movie,2001,0
tm177687,Naruto: Legend of the Stone of Gelel,movie,2005,0
tm43819,Tenchi Forever!,movie,1999,0
tm100285,Alien vs. Ninja,movie,2010,0
tm114586,Tenchi Muyo! In Love,movie,1996,0
tm415168,Bungo Stray Dogs: Dead Apple,movie,2018,0
tm143811,Tales of Vesperia: The First Strike,movie,2009,0
tm704,009 Re:Cyborg,movie,2012,0
tm175466,Hal,movie,2013,0
tm102466,Confucius,movie,2010,0
tm105278,Inuyasha the Movie 2: The Castle Beyond the Looking Glass,movie,2002,0
tm138902,Inuyasha the Movie 3: Swords of an Honorable Ruler,movie,2003,0
tm63351,Psychic School Wars,movie,2012,0
tm1038296,Solomon,movie,2021,0
tm89764,Inuyasha the Movie 4: Fire on the Mystic Island,movie,2004,0
tm98993,Eden of the East Movie II: Paradise Lost,movie,2010,0
tm313945,Sekaiichi Hatsukoi Movie,movie,2014,0
tm1032899,Kakushigoto Theatrical Edition,movie,2021,0
tm175097,Smuggler,movie,2011,0
tm152744,"Psalms of Planets Eureka Seven: Good Night, Sleep Tight, Young Lovers",movie,2009,0
tm331848,Free!: Timeless Medley - The Promise,movie,2017,0
tm164240,Appleseed XIII: Tartaros,movie,2011,0
tm315457,Free!: Timeless Medley - The Bond,movie,2017,0
tm247730,Yowamushi Pedal: The Movie,movie,2015,0
tm78681,Vexille,movie,2007,0
tm192670,Tenchi the Movie 2: The Daughter of Darkness,movie,1997,0
tm454619,Free! Road to the World - The Dream,movie,2019,0
tm102868,Majesty,movie,2010,0
tm142945,Eden of the East: Air Communication,movie,2009,0
tm102863,Fafner in the Azure: Dead Aggressor - Heaven and Earth,movie,2010,0
tm142943,Eden of the East Movie I: The King of Eden,movie,2009,0
tm168225,Heaven's Lost Property the Movie: The Angeloid of Clockwork,movie,2011,0
tm168979,Sengoku Basara: The Last Party,movie,2011,0
tm326099,Free!: Take Your Marks,movie,2017,0
tm248669,Yowamushi Pedal Re:ROAD,movie,2015,0
tm135758,Heaven's Lost Property Final – The Movie: Eternally My Master,movie,2014,0
tm222837,High☆Speed!: Free! Starting Days,movie,2015,0
tm164030,Appleseed XIII: Ouranos,movie,2011,0
tm65424,Strike Witches the Movie,movie,2012,0
tm151988,Yowamushi Pedal Re:RIDE,movie,2014,0
tm168005,The Woman Knight of Mirror Lake,movie,2011,0
tm65509,Martian Successor Nadesico: The Motion Picture - Prince of Darkness,movie,1998,0
tm73246,Shakugan no Shana: The Movie,movie,2007,0
ts20740,Dragon Ball Z,show,1989,16
ts20682,Attack on Titan,show,2013,4
ts21560,Dragon Ball,show,1986,10
ts87466,Demon Slayer: Kimetsu no Yaiba,show,2019,3
ts35573,Dragon Ball Super,show,2015,5
ts20339,One Piece,show,1999,21
ts21482,Fullmetal Alchemist: Brotherhood,show,2009,1
ts283022,SPY x FAMILY,show,2022,2
ts37539,One-Punch Man,show,2015,2
ts34435,Cowboy Bebop,show,1998,1
ts222852,Jujutsu Kaisen,show,2020,2
ts38725,My Hero Academia,show,2016,6
ts39013,Mob Psycho 100,show,2016,3
ts11313,DEATH NOTE,show,2006,1
ts22069,Naruto Shippūden,show,2007,24
ts15151,Bleach,show,2004,16
ts35201,Food Wars! Shokugeki no Soma,show,2015,5
ts32835,Hunter x Hunter,show,2011,1
ts20433,JoJo's Bizarre Adventure,show,2012,5
ts86068,Blade Runner: Black Lotus,show,2021,1
ts20305,Naruto,show,2002,6
ts20112,Haikyu!!,show,2014,4
ts37899,Overlord,show,2015,4
ts22244,Steins;Gate,show,2011,2
ts296797,Black Clover,show,2017,4
ts20429,Sword Art Online,show,2012,4
ts28078,Yu Yu Hakusho,show,1992,5
ts35578,Is It Wrong to Try to Pick Up Girls in a Dungeon?,show,2015,4
ts724,FLCL,show,2000,3
ts21984,Assassination Classroom,show,2015,2
ts31799,Samurai Champloo,show,2004,1
ts21034,InuYasha,show,2000,9
ts34950,KILL la KILL,show,2013,1
ts265144,Ranking of Kings,show,2021,1
ts4242,Dragon Ball GT,show,1996,4
ts38785,Berserk,show,2016,2
ts41257,Re:ZERO -Starting Life in Another World-,show,2016,2
ts20250,Parasyte -the maxim-,show,2014,1
ts44928,KonoSuba – God's blessing on this wonderful world!!,show,2016,3
ts34193,The Devil Is a Part-Timer!,show,2013,2
ts25252,Yu-Gi-Oh!,show,1998,7
ts42169,ERASED,show,2016,1
ts35155,Gurren Lagann,show,2007,1
ts25177,Mobile Suit Gundam,show,1979,1
ts20202,Tokyo Ghoul,show,2014,4
ts28125,Fighting Spirit,show,2000,3
ts22386,RWBY,show,2013,8
ts20513,Fairy Tail,show,2009,9
ts84657,Kaguya-sama: Love Is War,show,2019,3
ts10145,Case Closed,show,1996,51
ts56104,Boruto: Naruto Next Generations,show,2017,2
ts84633,The Promised Neverland,show,2019,2
ts21930,Lupin the Third,show,1971,6
ts58045,Classroom of the Elite,show,2017,2
ts34554,Rurouni Kenshin,show,1996,4
ts286543,My Dress-Up Darling,show,2022,1
ts29406,Gintama,show,2006,12
ts28998,Mobile Suit Gundam Wing,show,1995,1
ts87522,Fruits Basket - 2019,show,2019,3
ts47734,Yuri!!! on Ice,show,2016,1
ts271380,ODDTAXI,show,2021,1
ts87563,Dr. Stone,show,2019,3
ts84230,That Time I Got Reincarnated as a Slime,show,2018,2
ts29358,Ghost Stories,show,2000,1
ts89550,Fire Force,show,2019,2
ts84631,The Rising of the Shield Hero,show,2019,2
ts84141,Goblin Slayer,show,2018,1
ts222366,Mushoku Tensei: Jobless Reincarnation,show,2021,1
ts227439,86: Eighty-Six,show,2021,2
ts26050,Mushi-Shi,show,2005,3
ts224077,To Your Eternity,show,2021,2
ts14127,Fist of the North Star,show,1984,6
ts44387,My Teen Romantic Comedy SNAFU,show,2013,3
ts34087,Puella Magi Madoka Magica,show,2011,1
ts75516,The Ancient Magus' Bride,show,2017,2
ts249912,Tokyo Revengers,show,2021,1
ts28014,Another,show,2012,1
ts84280,Rascal Does Not Dream of Bunny Girl Senpai,show,2018,1
ts20548,Monogatari,show,2009,12
ts11151,Fate/Zero,show,2011,2
ts20249,Your Lie in April,show,2014,1
ts22232,The Future Diary,show,2011,1
ts42256,Bungo Stray Dogs,show,2016,3
ts224068,The Misfit of Demon King Academy,show,2020,1
ts26215,Mobile Fighter G Gundam,show,1994,1
ts20014,Sailor Moon Crystal,show,2014,4
ts223383,Life Lessons with Uramichi Oniisan,show,2021,1
ts21278,Revolutionary Girl Utena,show,1997,4
ts77768,DARLING in the FRANXX,show,2018,1
ts20225,Yona of the Dawn,show,2014,1
ts77415,Junji Ito Collection,show,2018,1
ts237485,World's End Harem,show,2021,1
ts27365,Rosario + Vampire,show,2008,2
ts33772,Nichijou: My Ordinary Life,show,2011,1
ts254731,SK8 the Infinity,show,2021,1
ts38712,Kabaneri of the Iron Fortress,show,2016,2
ts53433,Saga of Tanya the Evil,show,2017,2
ts254486,Horimiya,show,2021,1
ts30083,Angel Beats!,show,2010,1
ts232804,Digimon Adventure,show,2020,1
ts82228,Cells at Work!,show,2018,2
ts87564,Arifureta: From Commonplace to World's Strongest,show,2019,2
ts30730,Tenchi Muyo!,show,1992,5
ts77726,Laid-Back Camp,show,2018,2
ts20308,Full Metal Panic!,show,2002,4
ts82053,Angels of Death,show,2018,2
ts224165,Tower of God,show,2020,1
ts41161,Noragami,show,2014,2
ts271378,Vivy -Fluorite Eye's Song-,show,2021,1
ts77706,A Place Further Than the Universe,show,2018,1
ts4696,Fate/stay night [Unlimited Blade Works],show,2014,2
ts42043,March Comes in Like a Lion,show,2016,2
ts28824,Street Fighter,show,1995,3
ts32450,The Prince of Tennis,show,2001,13
ts20252,Trinity Seven,show,2014,1
ts256059,Tsukimichi -Moonlit Fantasy-,show,2021,1
ts30820,Slam Dunk,show,1993,2
ts7708,anohana: The Flower We Saw That Day,show,2011,1
ts84640,Domestic Girlfriend,show,2019,1
ts46776,Gunbuster,show,1988,2
ts36073,Rokka: Braves of the Six Flowers,show,2015,1
ts22286,Cardcaptor Sakura,show,1998,4
ts26933,From the New World,show,2012,1
ts285780,The Case Study of Vanitas,show,2021,2
ts20544,Ouran High School Host Club,show,2006,1
ts186408,Keep Your Hands Off Eizouken!,show,2020,1
ts35487,Blue Spring Ride,show,2014,1
ts255541,Wonder Egg Priority,show,2021,1
ts22249,Kuroko's Basketball,show,2012,3
ts47142,Ninja Scroll: The Series,show,2003,1
ts255407,Dragon Quest: The Adventure of Dai,show,2020,1
ts255909,Shadows House,show,2021,2
ts22017,Mobile Suit Gundam 00,show,2007,2
ts220224,Cautious Hero: The Hero Is Overpowered but Overly Cautious,show,2019,1
ts77518,Teasing Master Takagi-san,show,2018,3
ts272932,The World's Finest Assassin Gets Reincarnated in Another World as an Aristocrat,show,2021,1
ts79546,MEGALOBOX,show,2018,2
ts226581,Akudama Drive,show,2020,1
ts26322,Toradora!,show,2008,2
ts38116,Mobile Suit Gundam: Iron-Blooded Orphans,show,2015,2
ts35988,Snow White with the Red Hair,show,2015,2
ts285872,takt op.Destiny,show,2021,1
ts53369,Miss Kobayashi's Dragon Maid,show,2017,2
ts33198,School Days,show,2007,1
ts18865,Danganronpa: The Animation,show,2013,2
ts84364,Zombieland Saga,show,2018,2
ts287000,Skeleton Knight in Another World,show,2022,1
ts21539,Digimon Fusion,show,2010,2
ts20240,Strike the Blood,show,2013,5
ts217722,Welcome to Demon School! Iruma-kun,show,2019,3
ts78390,Golden Kamuy,show,2018,4
ts222729,Toilet-Bound Hanako-kun,show,2020,1
ts88363,"Why the Hell are You Here, Teacher!?",show,2019,1
ts27050,K-Project,show,2012,2
ts39133,Hyouka,show,2012,1
ts87375,Wise Man's Grandchild,show,2019,1
ts9246,Blue Exorcist,show,2011,2
ts221078,In/Spectre,show,2020,2
ts26428,Yu-Gi-Oh! 5D's,show,2008,5
ts223380,"Bofuri: I Don’t Want to Get Hurt, so I’ll Max Out My Defense.",show,2020,2
ts20683,Log Horizon,show,2013,3
ts35275,Blood Blockade Battlefront,show,2015,2
ts237364,Yashahime: Princess Half-Demon,show,2020,2
ts24199,Mobile Suit Gundam SEED,show,2002,4
ts89560,Given,show,2019,1
ts89551,How Heavy Are the Dumbbells You Lift?,show,2019,1
ts251033,"Don't Toy With Me, Miss Nagatoro",show,2021,1
ts27586,Magi,show,2012,3
ts77783,Record of Grancrest War,show,2018,1
ts41846,Orange,show,2016,1
ts26929,My Little Monster,show,2012,1
ts31455,Yu-Gi-Oh! GX,show,2004,4
ts225545,The God of High School,show,2020,1
ts25765,Vampire Knight,show,2008,2
ts24483,Saint Seiya: The Lost Canvas,show,2009,2
ts87471,Darwin's Game,show,2020,1
ts283078,The Greatest Demon Lord Is Reborn as a Typical Nobody,show,2022,1
ts79824,Sword Art Online Alternative: Gun Gale Online,show,2018,1
ts53960,Granblue Fantasy: The Animation,show,2017,2
ts226373,Moriarty the Patriot,show,2020,2
ts79723,Steins;Gate 0,show,2018,1
ts270555,Shikimori's Not Just a Cutie,show,2022,1
ts272271,The Strongest Sage With the Weakest Crest,show,2022,1
ts35492,Nisekoi,show,2014,2
ts75632,Cardcaptor Sakura: Clear Card,show,2018,1
ts20219,Terra Formars,show,2014,2
ts41487,91 Days,show,2016,1
ts251544,Fena: Pirate Princess,show,2021,1
ts35373,Plastic Memories,show,2015,1
ts35457,My Love Story!!,show,2015,1
ts55531,Saekano: How to Raise a Boring Girlfriend,show,2015,2
ts26576,Holy Knight,show,2012,1
ts43171,Lupin the Third: The Italian Adventure,show,2015,1
ts41489,Hitori no Shita: The Outcast,show,2016,4
ts87763,gen:LOCK,show,2019,2
ts82109,Asobi Asobase - workshop of fun -,show,2018,1
ts56657,Yu-Gi-Oh! VRAINS,show,2017,3
ts57802,My First Girlfriend is a Gal,show,2017,1
ts26449,A Certain Magical Index,show,2008,3
ts29956,The World God Only Knows,show,2010,3
ts42441,Michiko & Hatchin,show,2008,1
ts33329,Date a Live,show,2013,4
ts32818,Maoyu: Archenemy & Hero,show,2013,1
ts286257,Love After World Domination,show,2022,1
ts288276,Aoashi,show,2022,1
ts255255,Burn the Witch,show,2020,1
ts220153,Plunderer,show,2020,1
ts33072,Mobile Suit Gundam Seed Destiny,show,2004,2
ts79331,Persona 5: The Animation,show,2018,1
ts20593,Kenichi: The Mightiest Disciple,show,2006,2
ts12930,Beyblade: Metal Saga,show,2009,5
ts354552,Tomodachi Game,show,2022,1
ts58041,Tsuredure Children,show,2017,1
ts42124,ReLIFE,show,2016,2
ts22426,The Irregular at Magic High School,show,2014,2
ts44317,Gankutsuou,show,2004,1
ts32478,Kaiji,show,2007,2
ts39260,Yakitate!! Japan,show,2004,3
ts75838,Recovery of an MMO Junkie,show,2017,1
ts20226,The Fruit of Grisaia,show,2014,3
ts237291,The Hidden Dungeon Only I Can Enter,show,2021,1
ts237411,The Day I Became a God,show,2020,1
ts217704,Ascendance of a Bookworm,show,2019,2
ts225650,"So I'm a Spider, So What?",show,2021,1
ts86186,The Quintessential Quintuplets,show,2019,2
ts77769,Death March to the Parallel World Rhapsody,show,2018,1
ts20807,Ace of Diamond,show,2013,3
ts16399,A Certain Scientific Railgun,show,2009,3
ts53585,Natsume Yujin-cho,show,2008,6
ts82074,Yuuna and the Haunted Hot Springs,show,2018,1
ts27094,Nyaruko: Crawling With Love!,show,2012,2
ts223236,Seton Academy: Join the Pack!,show,2020,1
ts311031,Digimon Ghost Game,show,2021,1
ts253340,Shenmue the Animation,show,2022,1
ts58032,In Another World with My Smartphone,show,2017,1
ts51384,Keijo!!!!!!!!,show,2016,1
ts35459,Sound! Euphonium,show,2015,2
ts27114,Kaiba,show,2008,1
ts41280,Danganronpa 3: The End of Hope's Peak High School,show,2016,3
ts15793,Daily Lives of High School Boys,show,2012,1
ts57945,Restaurant to Another World,show,2017,2
ts227438,Combatants Will Be Dispatched!,show,2021,1
ts285023,AMAIM Warrior at the Borderline,show,2021,1
ts277386,Platinum End,show,2021,1
ts44298,Non Non Biyori,show,2013,3
ts38707,Ace Attorney,show,2016,2
ts224204,Sleepy Princess in the Demon Castle,show,2020,1
ts272152,"The Fruit of Evolution: Before I Knew It, My Life Had It Made",show,2021,1
ts52881,Kimi ni Todoke: From Me to You,show,2009,2
ts76614,Thermae Romae,show,2012,6
ts17721,Encouragement of Climb,show,2013,3
ts77716,Citrus,show,2018,1
ts7872,Campione!,show,2012,1
ts77258,City Hunter,show,1987,4
ts225641,The 8th Son? Are You Kidding Me?,show,2020,1
ts90371,Mobile Suit Gundam: The Origin - Advent of the Red Comet,show,2019,1
ts53038,Tawawa on Monday,show,2016,2
ts6051,Boogiepop Phantom,show,2000,1
ts75698,The Legend of the Galactic Heroes: Die Neue These,show,2018,3
ts35261,Gunslinger Stratos: The Animation,show,2015,1
ts89552,"Demon Lord, Retry!",show,2019,1
ts35087,Galaxy Express 999,show,1978,1
ts76736,Ronin Warriors: Message,show,1991,1
ts53340,The Mysterious Play,show,1995,4
ts225665,Onyx Equinox,show,2020,1
ts85668,Boogiepop and Others,show,2019,1
ts88954,We Never Learn: BOKUBEN,show,2019,2
ts326566,Trapped in a Dating Sim: The World of Otome Games Is Tough for Mobs,show,2022,1
ts80216,The Melancholy of Haruhi Suzumiya,show,2009,1
ts268460,"Girlfriend, Girlfriend",show,2021,1
ts224178,The Garden of Sinners,show,2013,1
ts84431,SSSS.GRIDMAN,show,2018,1
ts20997,Saint Seiya Omega,show,2012,2
ts225828,TONIKAWA: Over the Moon for You,show,2020,2
ts38724,Flying Witch,show,2016,1
ts14234,Cardfight!! Vanguard,show,2011,11
ts21213,Yu-Gi-Oh! Zexal,show,2011,6
ts216695,High School Prodigies Have It Easy Even in Another World!,show,2019,1
ts26560,Space Brothers,show,2012,2
ts225079,Uzaki-chan Wants to Hang Out!,show,2020,2
ts268843,Remake Our Life!,show,2021,1
ts44098,Yu-Gi-Oh! Arc-V,show,2014,3
ts55813,Akashic Records of Bastard Magic Instructor,show,2017,2
ts57946,GAMERS!,show,2017,1
ts42102,And You Thought There Is Never a Girl Online?,show,2016,1
ts78392,Hinamatsuri,show,2018,1
ts56112,Love Tyrant,show,2017,1
ts287274,The Dawn of the Witch,show,2022,1
ts29377,Megabeast Investigator Juspion,show,1985,1
ts80096,Kakuriyo -Bed & Breakfast for Spirits-,show,2018,1
ts224648,Monster Girl Doctor,show,2020,1
ts78393,GeGeGe no Kitaro,show,2018,1
ts77771,School Babysitters,show,2018,1
ts225823,Kemono Jihen,show,2021,1
ts77087,Komori-san Can't Decline!,show,2015,1
ts79359,Caligula,show,2018,1
ts518,Beelzebub,show,2011,1
ts20201,World Trigger,show,2014,3
ts33291,s-CRY-ed,show,2001,1
ts42629,Dagashi Kashi,show,2016,2
ts75755,Anime-Gataris,show,2017,1
ts33718,Free!,show,2013,3
ts82274,Drop Kick on My Devil!!,show,2018,3
ts35466,Yamada-kun and the Seven Witches,show,2015,1
ts32800,Theatre of Darkness: Yamishibai,show,2013,10
ts269030,Seirei Gensouki: Spirit Chronicles,show,2021,1
ts75776,Juni Taisen: Zodiac War,show,2017,1
ts36105,Sgt. Frog,show,2004,10
ts302666,Aharen-san wa Hakarenai,show,2022,1
ts2249,Dirty Pair,show,1985,1
ts77787,Pop Team Epic,show,2018,2
ts37196,Gundam Build Fighters,show,2013,2
ts88985,Ao-chan Can't Study!,show,2019,1
ts32669,Triage X,show,2015,1
ts79742,Saint Seiya: Saintia Sho,show,2018,1
ts80099,Isekai Izakaya: Japanese Food From Another World,show,2018,1
ts26691,Blast of Tempest,show,2012,1
ts231077,Rent-a-Girlfriend,show,2020,2
ts82387,Lupin the 3rd,show,1977,4
ts17906,Demon King Daimao,show,2010,1
ts75769,Kino's Journey: The Beautiful World,show,2017,1
ts223219,SUPER HxEROS,show,2020,1
ts77713,Basilisk: The Ouka Ninja Scrolls,show,2018,1
ts269386,Full Dive: This Ultimate Next-Gen Full Dive RPG Is Even Shittier Than Real Life!,show,2021,1
ts41553,Hikaru no Go,show,2001,3
ts42160,Tales of Zestiria the X,show,2016,2
ts88669,YU-NO: A Girl Who Chants Love at the Bound of This World,show,2019,1
ts20073,Survival Game Club,show,2014,1
ts55543,Digimon Adventure Tri,show,2015,6
ts213189,Isekai Cheat Magician,show,2019,1
ts30146,Mischievous Kiss,show,2010,1
ts33840,Nagi-Asu: A Lull in the Sea,show,2013,2
ts90314,Do You Love Your Mom and Her Two-Hit Multi-Target Attacks?,show,2019,1
ts222382,Wandering Witch: The Journey of Elaina,show,2020,1
ts75757,Blend S,show,2017,1
ts38723,The Asterisk War,show,2015,2
ts39025,Taboo Tattoo,show,2016,1
ts40775,Love Hina Again,show,2002,1
ts16771,Eyeshield 21,show,2005,1
ts216707,Assassins Pride,show,2019,1
ts33694,Oreshura,show,2013,1
ts273441,In the Land of Leadale,show,2022,1
ts251542,"Higehiro: After Being Rejected, I Shaved and Took in a High School Runaway",show,2021,1
ts23967,The Twelve Kingdoms,show,2002,4
ts56103,Eromanga Sensei,show,2017,1
ts12311,Cat's Eye,show,1983,2
ts20778,The World is Still Beautiful,show,2014,1
ts102805,Fate/Grand Order - Absolute Demonic Front: Babylonia,show,2019,1
ts38720,Kiznaiver,show,2016,1
ts55811,WorldEnd: What are you doing at the end of the world? Are you busy? Will you save us?,show,2017,1
ts11257,Chihayafuru,show,2011,3
ts29076,REBORN!,show,2006,9
ts43922,Witch Craft Works,show,2014,1
ts32935,Space Pirate Captain Harlock,show,1978,1
ts5606,Aria,show,2005,3
ts79325,Umamusume: Pretty Derby,show,2018,2
ts53430,Seiren,show,2017,1
ts285870,Akebi's Sailor Uniform,show,2022,1
ts314925,Birdie Wing -Golf Girls' Story-,show,2022,2
ts87210,Mobile Suit Gundam Wing Endless Waltz,show,1997,1
ts19187,Chi's Sweet Home,show,2008,4
ts236537,By the Grace of the Gods,show,2020,2
ts88999,Isekai Quartet,show,2019,2
ts20670,Toriko,show,2011,3
ts84403,DAKAICHI -I'm being harassed by the sexiest man of the year-,show,2018,1
ts236473,Cells at Work! Code Black,show,2021,2
ts57185,Mr. Osomatsu,show,2015,3
ts75766,A Sister's All You Need,show,2017,1
ts261530,Backflip!!,show,2021,1
ts53042,Bloodivores,show,2016,1
ts51387,"Kiss Him, Not Me",show,2016,1
ts77785,Sanrio Boys,show,2018,1
ts225675,Noblesse,show,2020,1
ts6355,Bludgeoning Angel Dokuro-Chan,show,2005,2
ts32776,"Problem Children Are Coming from Another World, Aren't They?",show,2013,1
ts26444,Time of Eve,show,2008,1
ts55377,Anti-Magic Academy: The 35th Test Platoon,show,2015,1
ts84848,Tsurune,show,2018,2
ts35577,God Eater,show,2015,1
ts75774,Our Love Has Always Been 10 Centimeters Apart.,show,2017,1
ts225134,Princess Connect! Re:Dive,show,2020,2
ts289859,Rust-Eater Bisco,show,2022,1
ts218885,Somali and the Forest Spirit,show,2020,1
ts219171,ORESUKI: Are you the only one who loves me?,show,2019,2
ts29400,Kimagure Orange Road,show,1987,2
ts28698,Kekkaishi,show,2006,1
ts20063,Aldnoah.Zero,show,2014,2
ts9567,11eyes,show,2009,1
ts53132,Cyborg 009,show,2001,2
ts43073,Showa Genroku Rakugo Shinju,show,2016,2
ts235591,Suppose a Kid From the Last Dungeon Boonies Moved to a Starter Town?,show,2021,1
ts28167,Martian Successor Nadesico,show,1996,1
ts60873,Kyo Kara Maoh!,show,2004,3
ts269508,Love of Kill,show,2022,1
ts42211,Myriad Colors Phantom World,show,2016,1
ts255514,Cherry Magic! Thirty Years of Virginity Can Make You a Wizard?!,show,2020,1
ts56105,Tsukigakirei,show,2017,1
ts249499,Hortensia Saga,show,2021,1
ts268280,Battle Game in 5 Seconds,show,2021,1
ts221923,Magia Record: Puella Magi Madoka Magica Side Story,show,2020,3
ts33317,Gargantia on the Verdurous Planet,show,2013,2
ts286936,The Faraway Paladin,show,2021,1
ts58176,Knight's & Magic,show,2017,1
ts42557,Honey and Clover,show,2005,3
ts32519,Pretty Cure,show,2004,2
ts88982,The Helpful Fox Senko-san,show,2019,1
ts53365,Masamune-kun's Revenge,show,2017,1
ts36927,Fate/kaleid liner Prisma Illya,show,2013,4
ts236963,D4DJ First Mix,show,2020,1
ts42212,She and Her Cat -Everything Flows-,show,2016,1
ts35329,Saint Seiya: Soul of Gold,show,2015,1
ts20312,Brynhildr in the Darkness,show,2014,1
ts74785,"Actually, I Am...",show,2015,1
ts27189,Junjou Romantica,show,2008,3
ts53356,Gabriel DropOut,show,2017,1
ts20018,Blade Dance of Elementalers,show,2014,1
ts32360,Usagi Drop,show,2011,1
ts56437,Full Metal Panic? Fumoffu,show,2003,2
ts23262,Is the Order a Rabbit?,show,2014,3
ts25067,Gasaraki,show,1998,1
ts11779,Accel World,show,2012,1
ts38786,This Art Club Has a Problem!,show,2016,1
ts300001,Miss Kuroitsu From the Monster Development Department,show,2022,1
ts223396,SSSS.DYNAZENON,show,2021,1
ts80077,Space Battleship Tiramisu,show,2018,2
ts222891,"SING ""YESTERDAY"" FOR ME",show,2020,1
ts42251,Hundred,show,2016,1
ts22423,Inugami-san to Nekoyama-san,show,2014,1
ts223258,Gleipnir,show,2020,1
ts32231,Mushibugyou,show,2013,1
ts55288,A Town Where You Live,show,2013,1
ts86176,My Roommate is a Cat,show,2019,1
ts80894,Planet With,show,2018,1
ts224909,Shadowverse,show,2020,2
ts57008,Pilot Candidate,show,2002,1
ts306260,Heroines Run the Show,show,2022,1
ts225135,Bottom-tier Character Tomozaki,show,2021,1
ts82107,HANEBADO!,show,2018,1
ts20015,When Supernatural Battles Became Commonplace,show,2014,1
ts225854,I'm Standing on a Million Lives,show,2020,2
ts306013,The Slime Diaries: That Time I Got Reincarnated as a Slime,show,2021,1
ts8677,Ghastly Prince Enma Burning Up,show,2011,1
ts236092,Kiyo in Kyoto: From the Maiko House,show,2021,1
ts84552,As Miss Beelzebub Likes It.,show,2018,1
ts75762,GARO -VANISHING LINE-,show,2017,1
ts77788,Magical Girl Ore,show,2018,1
ts225122,I've Been Killing Slimes for 300 Years and Maxed Out My Level,show,2021,1
ts1401,Cromartie High School,show,2003,1
ts38790,Love Live! Sunshine!!,show,2016,2
ts75858,King's Game – The Animation,show,2017,1
ts35960,Tenjho Tenge,show,2004,1
ts31990,Genshiken,show,2004,3
ts12816,Big Windup!,show,2007,2
ts53435,Spiritpact,show,2016,2
ts38756,Twin Star Exorcists,show,2016,1
ts56862,Magic Kaito 1412,show,2014,1
ts255308,Osamake: Romcom Where the Childhood Friend Won't Lose,show,2021,1
ts28083,Nisemonogatari,show,2012,1
ts251702,Final Fantasy XV: Episode Ardyn -Prologue-,show,2019,1
ts26925,Polar Bear Cafe,show,2012,1
ts51395,Digimon Universe: Appli Monsters,show,2016,1
ts28402,The Wonderful Wizard of Oz,show,1987,2
ts33241,Time Jam: Valerian & Laureline,show,2007,1
ts43465,Absolute Duo,show,2015,1
ts36812,Attack on Titan: Junior High,show,2015,1
ts286384,Love Live! Nijigasaki High School Idol Club,show,2020,2
ts52962,Poco's Udon World,show,2016,1
ts35355,Punch Line,show,2015,3
ts224775,The Millionaire Detective – Balance: UNLIMITED,show,2020,1
ts53289,ACCA: 13-Territory Inspection Dept.,show,2017,1
ts55080,Tonari no Seki-kun: The Master of Killing Time,show,2014,1
ts89554,Magical Sempai,show,2019,1
ts58035,AHO-GIRL,show,2017,1
ts222505,My Next Life as a Villainess: All Routes Lead to Doom!,show,2020,2
ts217527,Azur Lane,show,2019,1
ts42549,Seisen Cerberus: Ryuukoku no Fatalités,show,2016,1
ts24467,Sweet Blue Flowers,show,2009,1
ts297686,Crunchyroll Anime Awards,show,2017,5
ts84472,Skull-face Bookseller Honda-san,show,2018,1
ts270987,Fairy Ranmaru,show,2021,1
ts217583,Didn't I Say to Make My Abilities Average in the Next Life?!,show,2019,1
ts30079,Oreimo,show,2010,2
ts20206,Love Stage!!,show,2014,1
ts224456,Koikimo,show,2021,1
ts655,El Hazard: The Wanderers,show,1995,1
ts217703,Sorcerous Stabber Orphen,show,2020,2
ts254340,Requiem of the Rose King,show,2022,1
ts219078,Ahiru no Sora,show,2019,1
ts84522,Conception,show,2018,1
ts41034,Strike Witches,show,2008,3
ts225668,High Guardian Spice,show,2021,1
ts36568,Symphogear,show,2012,5
ts52848,Cheating Craft,show,2016,1
ts222812,Kakushigoto,show,2020,1
ts534,Dramatical Murder,show,2014,1
ts77786,The Ryuo's Work is Never Done!,show,2018,1
ts24469,Saki,show,2009,3
ts222360,Infinite Dendrogram,show,2020,1
ts84415,Radiant,show,2018,2
ts75856,Love is Like a Cocktail,show,2017,1
ts236728,Mr Love: Queen's Choice,show,2020,1
ts254326,Azur Lane: Slow Ahead!,show,2021,1
ts20709,Yowamushi Pedal,show,2013,5
ts64,Blue Seed,show,1994,2
ts21852,The Law of Ueki,show,2005,1
ts253367,"With a Dog AND a Cat, Every Day Is Fun",show,2020,1
ts43871,World Break: Aria of Curse for a Holy Swordsman,show,2015,1
ts20227,Persona 4 The Golden Animation,show,2014,1
ts25680,The Tower of Druaga: The Aegis of Uruk,show,2008,2
ts84305,Run with the Wind,show,2018,1
ts32687,The Wonderful Adventures of Nils,show,1980,1
ts42262,Sweetness & Lightning,show,2016,1
ts27922,NARUTO Spin-Off: Rock Lee & His Ninja Pals,show,2012,1
ts236900,Iwa Kakeru! Sport Climbing Girls,show,2020,1
ts12825,Blue Submarine No. 6,show,1998,1
ts82037,Chio's School Road,show,2018,1
ts86890,Lord El-Melloi II's Case Files {Rail Zeppelin} Grace note,show,2019,1
ts52888,Tiger Mask W,show,2016,1
ts216555,"Science Fell in Love, So I Tried to Prove It",show,2020,2
ts237827,Drug Store in Another World: The Slow Life of a Cheat Pharmacist,show,2021,1
ts32201,The Troubled Life of Miss Kotoura,show,2013,1
ts33973,Sket Dance,show,2011,2
ts236553,Our Last Crusade or the Rise of a New World,show,2020,1
ts41927,NEW GAME!,show,2016,2
ts58057,Anime de Training! Ex,show,2015,2
ts187246,A Certain Scientific Accelerator,show,2019,1
ts226464,Bungo and Alchemist -Gears of Judgement-,show,2020,1
ts56820,Yuki Yuna Is a Hero,show,2014,3
ts38760,Space Patrol Luluco,show,2016,1
ts30449,Hakuouki,show,2010,3
ts66982,GoShogun,show,1981,1
ts39338,Tetsujin 28,show,2004,1
ts52836,The Numbers,show,2016,2
ts33980,Lovely Complex,show,2007,1
ts57877,Tales of Symphonia: The Animation,show,2007,3
ts75847,Black Fox,show,1995,1
ts88446,Sarazanmai,show,2019,1
ts38748,Big Order,show,2016,1
ts53008,Touken Ranbu: Hanamaru,show,2016,2
ts225667,FreakAngels,show,2022,1
ts250829,The World Ends With You: The Animation,show,2021,1
ts34293,YuruYuri: Happy Go Lily,show,2011,3
ts38714,The Lost Village,show,2016,1
ts42323,Amanchu!,show,2016,2
ts42263,Days,show,2016,6
ts84968,The Magnificent KOTOBUKI,show,2019,1
ts55801,Clockwork Planet,show,2017,1
ts36530,Mazinger Edition Z: The Impact!,show,2009,6
ts53359,Interviews with Monster Girls,show,2017,1
ts42463,Samurai Pizza Cats,show,1990,1
ts75905,Jigoku Shoujo: Yoi no Togi,show,2017,1
ts249927,Heaven's Design Team,show,2021,1
ts304619,Ganbare Douki-chan,show,2021,1
ts84577,Merc Storia: The Apathetic Boy and the Girl in a Bottle,show,2018,1
ts38184,Mon Colle Knights,show,2001,4
ts78530,Owarimonogatari,show,2015,2
ts23568,White Album,show,2009,3
ts78454,Gundam Build Divers,show,2018,2
ts84635,W'z,show,2019,1
ts53300,Princess Knight,show,1967,1
ts52955,機動戦士ガンダムユニコーン RE:0096,show,2016,1
ts40280,Princess Nine,show,1998,1
ts39022,Thunderbolt Fantasy,show,2016,3
ts12173,The Ambition of Oda Nobuna,show,2012,1
ts24421,Pandora Hearts,show,2009,1
ts22429,Chaika - The Coffin Princess,show,2014,2
ts36717,Akagi,show,2015,1
ts225165,MARS RED,show,2021,1
ts86387,Mysteria Friends,show,2019,1
ts30502,Squid Girl,show,2010,2
ts82223,The Master of Ragnarok & Blesser of Einherjar,show,2018,1
ts79351,Love To-LIE-Angle,show,2018,1
ts19223,Da Capo III,show,2013,1
ts286666,Deaimon: Recipe for Happiness,show,2022,1
ts314532,Salaryman's Club,show,2022,1
ts84401,UzaMaid!,show,2018,1
ts85646,Meiji Tokyo Renka,show,2019,1
ts58044,Saiyuki Reload Blast,show,2017,1
ts52835,To Be Hero,show,2016,2
ts53528,Koro Sensei Quest!,show,2016,1
ts22020,Shugo Chara!,show,2007,3
ts848,Boys Over Flowers,show,1996,1
ts2846,Chōdenji Machine Voltes V,show,1977,1
ts44050,Please Twins,show,2003,1
ts87037,ルパン三世 PART5,show,2018,1
ts53372,Hand Shakers,show,2017,1
ts41021,Bananya,show,2016,2
ts23469,Ristorante Paradiso,show,2009,1
ts249905,2.43: Seiin High School Boys Volleyball Team,show,2021,1
ts57972,My Big Sister Arrived,show,2014,1
ts271639,The Detective Is Already Dead,show,2021,1
ts78866,Wakakozake,show,2015,1
ts84641,Magical Girl Spec-Ops Asuka,show,2019,1
ts72541,Ramen Fighter Miki,show,2006,1
ts18639,Space Warrior Baldios,show,1980,1
ts58030,Clean Freak! Aoyama-kun,show,2017,1
ts83187,Full Metal Panic! Invisible Victory,show,2018,1
ts51381,Occultic;Nine,show,2016,1
ts82215,Miss Caretaker of Sunohara-sou,show,2018,1
ts53363,One Room,show,2017,3
ts285174,Scarlet Nexus,show,2021,1
ts82038,Mr. TONEGAWA Middle Management Blues,show,2018,1
ts26720,Koihime Muso,show,2008,3
ts271399,The Aquatope on White Sand,show,2021,1
ts12843,Arcadia of My Youth: Endless Orbit SSX,show,1982,1
ts286517,BUILD-DIVIDE,show,2021,2
ts221718,Adachi and Shimamura,show,2020,1
ts224189,Kuma Kuma Kuma Bear,show,2020,2
ts56253,The Silver Guardian,show,2017,2
ts11581,DearS,show,2004,1
ts42574,Key the Metal Idol,show,1994,1
ts280992,The Duke of Death and His Maid,show,2021,2
ts42981,Please Tell Me! Galko-chan,show,2016,1
ts53192,Magical Girl Raising Project,show,2016,1
ts256192,Muv-Luv Alternative,show,2021,2
ts57494,Katsugeki: Touken Ranbu,show,2017,1
ts82331,Angolmois: Record of Mongol Invasion,show,2018,1
ts317269,In the Heart of Kunoichi Tsubaki,show,2022,1
ts34924,Hanasaku Iroha: Blossoms for Tomorrow,show,2011,1
ts316284,Tales of Luminaria the Fateful Crossroad,show,2022,1
ts82116,Harukana Receive,show,2018,1
ts33799,Kyousougiga,show,2012,2
ts43887,KanColle: Kantai Collection,show,2015,2
ts89562,To the Abandoned Sacred Beasts,show,2019,1
ts287030,The Great Jahy Will Not Be Defeated!,show,2021,1
ts58040,Netsuzou Trap -NTR-,show,2017,1
ts77777,How to Keep a Mummy,show,2018,1
ts237360,Dragon Goes House-Hunting,show,2021,1
ts81286,To Be Heroine,show,2018,1
ts314633,Tokyo 24th Ward,show,2022,1
ts77637,Servant x Service,show,2013,1
ts270159,The Saint's Magic Power Is Omnipotent,show,2021,1
ts44887,Marmalade Boy,show,1994,1
ts77395,Anime Crimes Division,show,2017,2
ts38789,The Morose Mononokean,show,2016,2
ts29705,Zakuro,show,2010,1
ts84395,Hinomaru Sumo,show,2018,1
ts6358,Denki-gai,show,2014,1
ts251111,Burning Kabaddi,show,2021,1
ts304489,Rusted Armors,show,2022,1
ts1152,Emma: A Victorian Romance,show,2005,2
ts272294,Joran: The Princess of Snow and Blood,show,2021,1
ts58384,My Mental Choices Are Completely Interfering with my School Romantic Comedy,show,2013,1
ts84278,Ulysses: Jeanne d'Arc and the Alchemist Knight,show,2018,1
ts58357,Magical Circle Guruguru,show,2017,2
ts38708,Joker Game,show,2016,1
ts57334,Future Card Buddyfight,show,2014,6
ts53374,Kirakira☆Precure a la Mode,show,2017,1
ts44217,Love Lab,show,2013,1
ts87877,Eat-Man '98,show,1998,1
ts34755,Gatchaman Crowds,show,2013,2
ts33902,The Eccentric Family,show,2013,2
ts24532,Please Teacher!,show,2002,1
ts80087,Dances with the Dragons,show,2018,1
ts289312,Life With an Ordinary Guy Who Reincarnated Into a Total Fantasy Knockout,show,2022,1
ts223360,SAKUGAN,show,2021,1
ts20212,Hamatora,show,2014,2
ts20091,HaNaYaMaTa,show,2014,1
ts89852,Homicide City,show,2018,3
ts53540,Ninja Girl & Samurai Master,show,2016,3
ts30503,Heroman,show,2010,1
ts4773,DD Fist of the North Star,show,2011,3
ts26817,Inferno Cop,show,2012,1
ts260304,Otherside Picnic,show,2021,1
ts87519,Hitori Bocchi no Marumaru Seikatsu,show,2019,1
ts88996,NAMUAMIDABUTSU! -UTENA-,show,2019,1
ts79352,My Sweet Tyrant,show,2018,1
ts90309,Are You Lost?,show,2019,1
ts58504,Gingitsune: Messenger Fox of the Gods,show,2013,1
ts55113,White Album 2,show,2013,1
ts82414,Muhyo & Roji's Bureau of Supernatural Investigation,show,2018,2
ts75763,Evil or Live,show,2017,1
ts3077,Ceres: Celestial Legend,show,2000,1
ts88585,Robot Carnival,show,1987,1
ts51294,Soul Hunter,show,1999,1
ts86256,Psychic Princess,show,2018,1
ts75926,Comical Psychosomatic Medicine,show,2015,1
ts218796,Ex-Arm,show,2021,1
ts38342,Inukami!,show,2006,1
ts286322,Obey Me!,show,2021,2
ts4204,Dragon Crisis!,show,2011,1
ts80088,Gurazeni: Money Pitch,show,2018,2
ts55976,Gakuen Alice,show,2004,1
ts9686,Arakawa Under the Bridge,show,2010,2
ts90312,"If It's for My Daughter, I'd Even Defeat a Demon Lord",show,2019,1
ts20075,Orenchi no Furo Jijo,show,2014,1
ts43892,Unlimited Fafnir,show,2015,1
ts82024,We Rent Tsukumogami,show,2018,1
ts221850,The Case Files of Jeweler Richard,show,2020,1
ts88978,Mix: Meisei Story,show,2019,1
ts38787,Rewrite,show,2016,2
ts28574,Gravitation,show,2000,1
ts79726,Unlimited Psychic Squad,show,2013,1
ts82129,Phantom in the Twilight,show,2018,1
ts77773,IDOLiSH7,show,2018,3
ts251767,Those Snow White Notes,show,2021,1
ts75859,Sengoku Night Blood,show,2017,1
ts53043,Ao Oni The Animation,show,2016,1
ts39184,Upotte!!,show,2012,1
ts58143,Convenience Store Boy Friends,show,2017,1
ts53357,Fuuka,show,2017,1
ts287542,Healer Girl,show,2022,1
ts89577,Try Knights,show,2019,1
ts4889,The Adventures of the Little Prince,show,1978,1
ts43168,Ojisan and Marshmallow,show,2016,1
ts88981,Joshi Kausei,show,2019,1
ts31511,Peacemaker Kurogane,show,2003,1
ts311655,Estab-Life: Great Escape,show,2022,1
ts77519,Katana Maidens: Toji no Miko,show,2018,1
ts53375,Kemono Friends,show,2017,2
ts56318,Room Mate,show,2017,1
ts75761,Dies Irae,show,2017,2
ts44764,The New Prince of Tennis,show,2012,2
ts216452,Vlad Love,show,2020,1
ts41111,Hanasakeru Seishōnen,show,2009,1
ts41183,ISUCA,show,2015,1
ts58039,7O3X Fastest Finger First,show,2017,1
ts2718,Cosmo Warrior Zero,show,2001,2
ts20222,I Can't Understand What My Husband Is Saying,show,2014,2
ts26590,Teekyu,show,2012,9
ts25464,Neo Angelique Abyss,show,2008,2
ts80138,Frankenstein Family,show,2018,1
ts43934,The New Prince of Tennis OVA vs. Genius 10,show,2014,1
ts11645,Ah My Buddha!!,show,2005,2
ts77446,Ms. Koizumi Loves Ramen Noodles,show,2018,1
ts26766,Ixion Saga: Dimension Transfer,show,2012,1
ts56250,The Royal Tutor,show,2017,1
ts43487,Sky Wizards Academy,show,2015,1
ts34299,Lost Universe,show,1998,1
ts217605,Asteroid in Love,show,2020,1
ts84491,Armor Shop for Ladies & Gentlemen,show,2018,2
ts26242,Kite Liberator,movie,2008,0
ts26155,True Tears,show,2008,1
ts75867,TsukiPro the Animation,show,2017,2
ts18755,Battle Girls: Time Paradox,show,2011,1
ts12341,Aiura,show,2013,1
ts222695,Room Camp,show,2020,1
ts35014,Muromi-san,show,2013,1
ts77517,HAKYU HOSHIN ENGI,show,2018,1
ts80937,Dallos,show,1983,1
ts53002,Nyanbo!,show,2016,1
ts43499,Photon: The Idiot Adventures,show,1997,1
ts32606,Kamisama Dolls,show,2011,1
ts84652,"How Clumsy you are, Miss Ueno.",show,2019,1
ts47460,The Galaxy Railways,show,2003,2
ts83895,Full Metal Panic! The Second Raid,show,2005,2
ts80091,Major 2nd,show,2018,2
ts53373,Nyanko Days,show,2017,1
ts251712,I Tried Asking While Kowtowing,show,2020,1
ts56255,Starmyu,show,2015,3
ts56684,Danchigai,show,2015,1
ts35033,Nagasarete Airanto,show,2007,1
ts11511,Folktales from Japan,show,2012,6
ts42206,Qualidea Code,show,2016,1
ts27727,Recorder and Randsell,show,2012,3
ts87468,Midnight Occult Civil Servants,show,2019,1
ts56248,Kenka Banchou Otome: Girl Beats Boys,show,2017,1
ts25824,Haruka Nogizaka's Secret,show,2008,3
ts61912,Japanese Anime Classic Collection,show,2007,1
ts217479,Oda Cinnamon Nobunaga,show,2020,1
ts268936,WAVE!! -Let's go surfing!!-,show,2021,1
ts186502,Shingu: Secret of the Stellar Wars,show,2001,1
ts53930,ALL OUT!!,show,2016,1
ts33166,"You're Being Summoned, Azazel-san",show,2011,2
ts217594,SD Gundam World: Sangoku Souketsuden,show,2019,1
ts177522,Library War,show,2008,1
ts79044,Yotsuiro Biyori,show,2018,1
ts86181,Grimms Notes: The Animation,show,2019,1
ts79329,Comic Girls,show,2018,1
ts277823,Tropical-Rouge! Precure,show,2021,1
ts218633,Uchi Tama?! Uchi no Tama Shirimasen ka?,show,2020,1
ts23918,Kaasan Mom's Life,show,2009,1
ts36690,THE iDOLM@STER Cinderella Girls,show,2015,2
ts89212,Strike Witches: 501st JOINT FIGHTER WING Take Off!,show,2019,2
ts89557,Granbelm,show,2019,1
ts9710,Arpeggio of Blue Steel: Ars Nova,show,2013,1
ts26895,Muv-Luv Alternative: Total Eclipse,show,2012,1
ts223694,Back Arrow,show,2021,1
ts84965,Operation Han-Gyaku-Sei Million Arthur,show,2018,2
ts75758,Code:Realize,show,2017,1
ts33243,Walkure Romanze,show,2013,1
ts29252,Happiness!,show,2006,1
ts3358,Air Master,show,2003,1
ts10963,Flame of Recca,show,1997,1
ts82039,Holmes of Kyoto,show,2018,1
ts82036,Music Girls,show,2018,1
ts88971,Senryu Girl,show,2019,1
ts53307,Chain Chronicle: The Light of Haecceitas,show,2017,1
ts53273,Miss Bernard Said.,show,2016,2
ts32189,Stellvia of the Universe,show,2003,1
ts82386,Lord of Vermilion: The Crimson King,show,2018,1
ts84383,Bakumatsu,show,2018,2
ts223648,Healin' Good♡Precure,show,2020,1
ts22348,Nanana's Buried Treasure,show,2014,1
ts68963,Miss Machiko,show,1981,1
ts27409,Glass Mask,show,2005,1
ts223253,True Cooking Master Boy,show,2019,2
ts30496,Star Driver,show,2010,1
ts76023,Taishou Mebiusline: Chicchai-san,show,2017,1
ts18589,Dancougar – Super Beast Machine God,show,1985,1
ts305976,Fanfare of Adolescence,show,2022,1
ts77697,Today's Menu for the Emiya Family,show,2017,1
ts75770,Konohana Kitan,show,2017,1
ts38791,Alderamin on the Sky,show,2016,1
ts80083,Nil Admirari no Tenbin: Teito Genwaku Kitan,show,2018,1
ts89211,Amazing Stranger,show,2019,1
ts56322,100% Teacher Pascal,show,2017,1
ts21877,Cute High Earth Defense Club LOVE!,show,2015,3
ts53069,Scorching Ping Pong Girls,show,2016,1
ts31545,Interlude,show,2004,1
ts39020,Ange Vierge,show,2016,1
ts29888,Sound of the Sky,show,2010,1
ts37484,Osomatsu-kun,show,1966,1
ts13335,DNA²,show,1994,1
ts84310,Jingai-san no Yome,show,2018,1
ts266630,Night Head 2041,show,2021,1
ts43046,AOKANA: Four Rhythm Across the Blue,show,2016,1
ts35044,A Bridge to the Starry Skies,show,2011,1
ts215898,Hakata Mentai! Pirikarako-chan,show,2019,1
ts78887,Makai Ōji: Devils and Realist,show,2013,1
ts30997,Gokudo,show,1999,1
ts58031,A Centaur's Life,show,2017,1
ts45825,Pita Ten,show,2002,1
ts221300,A Destructive God Sits Next to Me,show,2020,1
ts52872,Izetta: The Last Witch,show,2016,1
ts251662,Let's Make a Mug Too,show,2021,2
ts85663,BONJOUR♪Sweet Love Patisserie,show,2014,1
ts35062,Hayate the Combat Butler,show,2007,4
ts33520,GJ Club,show,2013,1
ts58054,Chronos Ruler,show,2017,1
ts88987,Cinderella Nine,show,2019,1
ts84277,Ms. Vampire Who Lives in My Neighborhood.,show,2018,1
ts34154,Myself; Yourself,show,2007,1
ts58036,Elegant Yokai Apartment Life,show,2017,1
ts75863,Urahara,show,2017,1
ts55761,Alice & Zoroku,show,2017,1
ts53096,Monster Strike,show,2015,3
ts58049,THE REFLECTION,show,2017,1
ts78140,ETOTAMA,show,2015,1
ts84063,"RErideD – Derrida, who leaps through time –",show,2018,1
ts43264,Kowabon,show,2015,1
ts9999,Eagle Talon,show,2006,3
ts84237,Xuan Yuan Sword Luminary,show,2018,1
ts56252,Hinako Note,show,2017,1
ts42504,Anne Happy♪,show,2016,1
ts56243,The World Yamizukan,show,2017,1
ts56937,Giant Gorg,show,1984,1
ts77779,Mitchiri Neko,show,2018,1
ts236710,Extra Olympia Kyklos,show,2020,1
ts23150,Modern Magic Made Simple,show,2009,1
ts34883,Kono Aozora ni Yakusoku wo,show,2007,1
ts44018,Nobunaga Concerto,show,2014,1
ts56326,The Laughing Salesman NEW,show,2017,1
ts33070,Shamanic Princess,show,1996,1
ts81087,Fist of the Blue Sky: Regenesis,show,2018,2
ts57758,Sketchbook ~full color's~,show,2007,1
ts253384,Dr. Ramune: Mysterious Disease Specialist,show,2021,1
ts34617,Zombie-Loan,show,2007,1
ts272460,Seven Knights Revolution: Hero Successor,show,2021,1
ts42381,Wagamama High Spec,show,2016,1
ts53030,Magic-Kyun! Renaissance,show,2016,1
ts84687,Voice of Fox,show,2018,1
ts21362,If Her Flag Breaks,show,2014,1
ts221309,22/7,show,2020,1
ts40788,The Tower of Druaga: the Sword of Uruk,show,2009,1
ts77772,Hakata Tonkotsu Ramens,show,2018,1
ts42350,The Highschool Life of a Fudanshi,show,2016,1
ts86183,WATATEN!: an Angel Flew Down to Me,show,2019,1
ts84520,THE IDOLM@STER SideM Wakeatte Mini!,show,2018,1
ts89806,スナックワールド,show,2017,1
ts78793,The Melody of Oblivion,show,2004,1
ts23504,GA: Geijutsuka Art Design Class,show,2009,1
ts87003,Virtualsan - Looking,show,2019,1
ts37754,Lance N' Masques,show,2015,1
ts326146,Dragon Collection,show,2014,1
ts38726,Tonkatsu DJ Agetarō,show,2016,1
ts53380,Piacevole! My Italian Cooking,show,2017,1
ts80080,Butlers x Battlers,show,2018,1
ts12740,07-Ghost,show,2009,2
ts56242,KADO: The Right Answer,show,2017,1
ts83598,Double Decker! Doug & Kirill,show,2018,1
ts84464,Anima Yell!,show,2018,1
ts81981,Late Night! The Genius Bakabon,show,2018,1
ts27861,Poyopoyo,show,2012,1
ts57067,Takamiya Nasuno Desu! Teekyu Spinoff,show,2015,1
ts42980,Schwarzes Marken,show,2016,1
ts38965,Active Raid,show,2016,2
ts267763,CESTVS -The Roman Fighter-,show,2021,1
ts35086,You and Me,show,2011,2
ts57287,プリパラ,show,2014,2
ts34953,A Dark Rabbit has Seven Lives,show,2011,1
ts30037,Moyashimon,show,2010,2
ts20306,Dai Shogun - Great Revolution,show,2014,1
ts58051,Angel's 3Piece!,show,2017,1
ts15147,Blassreiter,show,2008,1
ts73071,リルぷりっ,show,2010,1
ts84366,Himote House: A Share House of Super Psychic Girls,show,2018,1
ts242952,Gibiate,show,2020,1
ts32870,gdgd Fairies,show,2011,2
ts27839,Sengoku Collection,show,2012,1
ts75865,"Wake Up, Girls！",show,2014,2
ts4142,Elemental Gelade,show,2005,1
ts88998,Yatogame-chan Kansatsu Nikki,show,2019,4
ts31067,Jubei-chan the Ninja Girl: Secret of the Lovely Eyepatch,show,1999,2
ts223490,The House Spirit Tatami-chan,show,2020,1
ts27564,Wooser's Hand-to-Mouth Life,show,2012,3
ts41612,Locodol,show,2014,1
ts236400,Umayon,show,2020,1
ts17078,Canvas 2 ~Niji Iro no Sketch~,show,2005,1
ts53305,Chaos;Child,show,2017,1
ts53431,Schoolgirl Strikers: Animation Channel,show,2017,1
ts84653,Pastel Memories,show,2019,1
ts33283,Senyu.,show,2013,2
ts53089,I've Had Enough of Being a Magical Girl,show,2016,2
ts34195,Gifuu Doudou!! Kanetsugu to Keiji,show,2013,1
ts82050,Samurai Warriors,show,2015,1
ts84638,Girly Air Force,show,2019,1
ts27568,PES: Peace Eco Smile,show,2012,1
ts274718,SD Gundam World Heroes,show,2021,1
ts25979,Hyakko,show,2008,1
ts53252,Brave Witches,show,2016,1
ts133840,This Boy Is a Professional Wizard,show,2016,1
ts66513,Kaijuu Girls,show,2016,2
ts62420,8 Man After,show,1993,1
ts54083,Ai-Mai-Mi,show,2013,3
ts80101,Kiratto Pri☆chan,show,2018,2
ts82105,Island,show,2018,2
ts77419,Märchen Mädchen,show,2018,1
ts42978,Shounen Ashibe Go! Go! Goma-chan,show,2016,4
ts86700,Katana Maidens ~ Mini Toji,show,2019,1
ts27188,Kamen no Maid Guy,show,2008,1
ts78756,Tantei Team KZ Jiken Note,show,2015,1
ts127426,Donyatsu,show,2013,1
ts43417,The Third: The Girl with the Blue Eye,show,2006,1
ts86184,Endro!,show,2019,1
ts93084,Investor Z,show,2018,1
ts30007,Tamayura: Hitotose,show,2011,2
ts33517,Mangirl!,show,2013,1
ts221663,Days of Urashimasakatasen,show,2019,1
ts53170,SENGOKUCHOJYUGIGA,show,2016,2
ts38738,Pan de Peace!,show,2016,1
ts17411,Demonbane,show,2006,1
ts34548,Morita-san wa Mukuchi,show,2011,2
ts86178,Dimension High School,show,2019,1
ts55270,Time Bokan 24,show,2016,2
ts89954,Welcome to the JAPARI PARK,show,2018,1
ts12574,Chitose Get You!!,show,2012,1
ts44943,B-PROJECT,show,2016,2
ts341682,Inazma Delivery,show,2016,2
ts66548,Usakame,show,2016,1
ts26931,H2O: Footprints in the Sand,show,2008,1
ts42264,BBK/BRNK,show,2016,2
ts45074,Twin Angel: Twinkle Paradise,show,2011,2
ts32848,Shining Tears X Wind,show,2007,1
ts78868,World Fool News,show,2014,2
ts53021,Hagane Orchestra,show,2016,1
ts75868,THE iDOLM@STER Side M,show,2017,1
ts58050,Ikemen Sengoku: Toki wo Kakeru ga Koi wa Hajimaranai,show,2017,1
ts23081,Rowdy Sumo Wrestler Matsutaro!!,show,2014,1
ts67979,Where Did It Come From?,show,2017,1
ts232892,Neko Neko Nihonshi,show,2016,1
ts75861,Two Car,show,2017,1
ts17235,"Boku no Imouto wa ""Osaka Okan""",show,2012,1
ts53720,Urawa no Usagi-chan,show,2015,2
ts53544,Forest Fairy Five,show,2017,1
ts27610,Lychee Light Club,show,2012,1
ts286865,KAGINADO,show,2021,2
ts12823,Arata: The Legend,show,2013,1
ts77866,Miss Monochrome - The Animation,show,2013,3
ts74900,Pikotaro's Lullaby La La By,show,2017,1
ts57808,Hina Logic: From Luck & Logic,show,2017,1
ts285028,D_Cide Traumerei the Animation,show,2021,1
ts94758,The Journey Home,show,2015,20
ts39162,Sister Princess,show,2001,2
ts56246,Cinderella Girls Theatre,show,2017,4
ts251363,"Oh, Suddenly Egyptian God",show,2020,1
ts42365,Tsukiuta. The Animation,show,2016,2
ts22544,Six God Combination Godmars,show,1981,1
ts20265,Blade and Soul,show,2014,1
ts447,Legend of Black Heaven,show,1999,1
ts134197,Tabimachi Late Show,show,2016,1
ts4514,Chance Pop Session,show,2001,1
ts217603,Null & Peta,show,2019,1
ts84363,Asenshu Anime Recap,show,2018,1
ts22417,Mischief of the Gods,show,2014,1
ts10585,Brave 10,show,2012,1
ts1118,Ebiten,show,2012,1
ts23830,Tegami Bachi: Letter Bee,show,2009,2
ts6317,Dai-Guard,show,1999,1
ts44167,Nobunagun,show,2014,1
ts55904,Himegoto,show,2014,1
ts34970,Straight Title Robot Anime,show,2013,1
ts47701,WWW.Working!!,show,2016,1
ts85831,Looking Up at the Half-Moon,show,2006,1
ts43211,Kagewani,show,2015,2
ts89991,KING OF PRISM -Shiny Seven Stars-,show,2019,1
ts208160,DEMIAN,show,2014,1
ts55388,Onara Gorou,show,2016,1
ts285889,GLOOMY The Naughty Grizzly,show,2021,1
ts220110,Lovely Muuuuuuuco!,show,2015,1
ts285494,The Nameko Families,show,2015,1
ts221689,Woodpecker Detective's Office,show,2020,1
ts47193,Ultra Maniac,show,2003,1
ts56788,Robot Girls Z,show,2014,2
ts25474,Tama and Friends,show,1993,2
ts70564,Rainy Cocoa,show,2015,5
ts28370,Fairy Musketeers,show,2006,2
ts56647,Crane Game Girls,show,2016,2
ts20067,Girl Friend BETA,show,2014,1
ts42317,Mahou Shoujo? Naria Girls,show,2016,1
ts267874,I★Chu: Halfway Through the Idol,show,2021,1
ts80797,Magimoji Rurumo,show,2014,2
ts252949,"Farewell, My Dear Cramer",show,2021,1
ts2961,Eat-Man,show,1997,2
ts55248,Super GALS!,show,2001,2
ts12564,Chargeman Ken!,show,1974,1
ts43162,Ninja Nonsense,show,2004,1
ts254785,WIXOSS DIVA(A)LIVE,show,2021,1
ts53371,Idol Incidents,show,2017,1
ts253411,Scar on the Praeter,show,2021,1
ts53364,Minami Kamakura High School Girls Cycling Club,show,2017,1
ts77820,Working Buddies!,show,2018,2
ts216581,Wacky TV Na Na Na,show,2018,3
ts84992,The Price of Smiles,show,2019,1
ts53304,Chiruran 1/2,show,2017,1
ts56247,Love Kome: We Love Rice,show,2017,2
ts42985,BONO BONO,show,2016,3
ts34796,Chronicles of the Going Home Club,show,2013,1
ts80095,Last Period: the journey to the end of the despair,show,2018,1
ts314720,Sorairo Utility,show,2021,1
ts80610,Earl and Fairy,show,2008,1
ts33495,Mushi-Uta,show,2007,1
ts341696,Sony Music AnimeSongs ONLINE 2022,show,2022,1
ts255190,Idolls!,show,2021,1
ts53098,Nazotokine,show,2016,2
ts83571,The Sprites of Floria,show,2018,1
ts46884,HEYBOT!,show,2016,1
ts53246,Fan Service,show,2016,4
ts53366,Marginal#4 Kiss Kara Tsukuru Big Bang,show,2017,1
ts349426,Oreca Battle,show,2014,1
ts79069,The Pilot's Love Song,show,2014,1
ts58393,Strange+,show,2014,2
ts27245,Koi Koi Seven,show,2005,1
ts23080,Wonder Momo,show,2014,1
ts80089,You Don't Know GUNMA Yet.,show,2018,1
ts84333,Between the Sky and Sea,show,2018,1
ts80093,Crossing Time,show,2018,1
ts52957,Gakuen Handsome,show,2016,1
ts113733,BWFC: Banpresto World Figure Colosseum,show,2017,1
ts56260,Twin Angel Break,show,2017,1
ts268254,ABCiee Working Diary,show,2021,1
ts53358,ēlDLIVE,show,2017,1
ts51377,Soul Buster,show,2016,1
ts42359,Ozmafia!!,show,2016,1
ts37736,Tales of Phantasia: The Animation,show,2004,1
ts58412,Military!,show,2015,1
ts40897,Psycho Armor Govarian,show,1983,1
ts268585,Don't Call Us a Junk Game!,show,2020,1
ts63557,Izumo: Flash of a Brave Sword,show,2005,1
ts60066,Soul Link,show,2006,1
ts31051,Space Pirate Mito,show,1999,2
ts254167,That is the Bottleneck,show,2020,1
ts56491,Makeruna!! Aku no Gundan!,show,2017,1
ts178815,Shin Koihime musô: Otome tairan,show,2010,1
ts33037,Sparrow's Hotel,show,2013,1
ts57532,Dream Festival!,show,2016,2
ts189307,Mahoraba: Heartful Days,show,2005,1
ts27163,VS Knight Lamune & 40 Fire,show,1996,1
ts30252,Kaitou Reinya,show,2010,1
ts46812,Sekko Boys,show,2016,2
ts27514,Yurumates3Dei,show,2012,2
ts43291,Magic User's Club,show,1999,1
ts52886,Lostorage incited WIXOSS,show,2016,2
ts250796,Rail Romanesque,show,2020,1
ts58405,The Irresponsible Galaxy Tylor,show,2017,1
ts78563,gdgd men's Party,show,2018,1
ts134515,Onsen yôsei Hakone-chan,show,2015,1
ts219894,Peeping Life,show,2015,1
ts184925,Fantastic Detective Labyrinth,show,2007,1
ts223789,ARP Backstage Pass,show,2020,1
ts86157,"Welcome, Chitose-chan",show,2018,1
ts88341,Fight League: Gear Gadget Generators,show,2019,1
ts53007,Saki Episode of Side A,show,2012,1
ts80652,Majin Bone,show,2014,1
ts74588,Landlord Is in Puberty!,show,2016,1
ts45590,"Yamibo - Darkness, the Hat, and the Travelers of the Books",show,2003,1
ts64924,Web Ghosts Pipopa,show,2008,1
ts52834,Kiitaro's Yokai Picture Diary,show,2016,3
ts249933,Ninja Collection,show,2020,1
ts77748,Slow Start,show,2018,1
ts134409,Magical Somera-chan,show,2015,1
ts43287,JK-Meshi!,show,2015,1
tm176185,Fullmetal Alchemist the Movie: Conqueror of Shamballa,movie,2005,0
